Gruppo;Supplemento;Prezzo EUR
Aggiungi Ingredienti;Cornicione ripieno ricotta e pepe;3,50
Aggiungi Ingredienti;Doppio impasto;1,50
Aggiungi Ingredienti;Salsiccia;3,00
Aggiungi Ingredienti;Crudo di Parma;3,50
Aggiungi Ingredienti;Funghi champignon;2,50
Aggiungi Ingredienti;Funghi porcini;3,50
Aggiungi Ingredienti;Fior di latte di Agerola;2,50
Aggiungi Ingredienti;Burrata;3,00
Aggiungi Ingredienti;Provola affumicata;3,00
Aggiungi Ingredienti;Bocconcini di Bufala;3,50
Aggiungi Ingredienti;Bufala;3,50
Aggiungi Ingredienti;Cotto;2,50
Aggiungi Ingredienti;Scagli di grana;2,50
Aggiungi Ingredienti;Olive nere di Gaeta;2,50
Aggiungi Ingredienti;Olive verdi di Gaeta;2,50
Aggiungi Ingredienti;Olive taggiasche;2,50
Aggiungi Ingredienti;Ricotta;2,00
Aggiungi Ingredienti;Acciughe di Cetara;3,50
Aggiungi Ingredienti;Acciughe del Catabrico confezione 50 gr;10,00
Aggiungi Ingredienti;Capperi;1,00
Aggiungi Ingredienti;Origano;0,50
Aggiungi Ingredienti;Doppio pomodoro passata Sammorzano;1,00
Aggiungi Ingredienti;Pomodori secchi del Cilento;2,50
Aggiungi Ingredienti;Pomodorini rossi;2,00
Aggiungi Ingredienti;Pomodorini del Piennolo giallo;3,00
Aggiungi Ingredienti;Pomodorini del Piennolo rossi;3,00
Aggiungi Ingredienti;Bresaola;4,00
Aggiungi Ingredienti;Salame piccante;2,50
Aggiungi Ingredienti;Salame Napoli;2,20
Aggiungi Ingredienti;Patate fritte;3,00
Aggiungi Ingredienti;Melanzane fritte;2,00
Aggiungi Ingredienti;Friarelli Inflorescenze cime di rapa;3,00
Aggiungi Ingredienti;Cipolla rossa;0,50
Aggiungi Ingredienti;Scarola;2,50
Aggiungi Ingredienti;Ruccola;2,50
Aggiungi Ingredienti;Crocchette di patate;4,00
Aggiungi Ingredienti;Carciofi;3,00
Aggiungi Ingredienti;Zucchine grigliate;2,50
Aggiungi Ingredienti;Peperoni;2,50
Aggiungi Ingredienti;Tonno Callipo 80 gr;3,50
Aggiungi Ingredienti;Zucca;2,00
Aggiungi Ingredienti;Gorgonzola;3,00
Aggiungi Ingredienti;Pancetta;3,50
Aggiungi Ingredienti;Wrustel di pollo ;2,50
Aggiungi Ingredienti;Salmone affumicato;5,00
Aggiungi Ingredienti;Noci;2,00
Aggiungi Ingredienti;Mortadella IGP;3,00
Aggiungi Ingredienti;Speck;4,00
Aggiungi Ingredienti;Nduja di spilinga;2,50
